{
    "dict_filename": "dict.txt",

    "dataset":{
        "train":[
            {
                "name": "thchs30_train",
                "data_list": "datalist/thchs30/train.wav.lst",
                "data_path": "/data/speech_data",
                "label_list": "datalist/thchs30/train.syllable.txt"
            },
            {
                "name": "stcmds_train",
                "data_list": "datalist/st-cmds/train.wav.txt",
                "data_path": "/data/speech_data",
                "label_list": "datalist/st-cmds/train.syllable.txt"
            }
        ],

        "dev":[
            {
                "name": "thchs30_dev",
                "data_list": "datalist/thchs30/cv.wav.lst",
                "data_path": "/data/speech_data",
                "label_list": "datalist/thchs30/cv.syllable.txt"
            },
            {
                "name": "stcmds_dev",
                "data_list": "datalist/st-cmds/dev.wav.txt",
                "data_path": "/data/speech_data",
                "label_list": "datalist/st-cmds/dev.syllable.txt"
            }
        ],

        "test":[
            {
                "name": "thchs30_test",
                "data_list": "datalist/thchs30/test.wav.lst",
                "data_path": "/data/speech_data",
                "label_list": "datalist/thchs30/test.syllable.txt"
            },
            {
                "name": "stcmds_test",
                "data_list": "datalist/st-cmds/test.wav.txt",
                "data_path": "/data/speech_data",
                "label_list": "datalist/st-cmds/test.syllable.txt"
            }
        ]

    }
}